race_id,horse_no,horse_name,origin,sex,age,weight,jockey,trainer,owner
20260103_01,1,컴퍼스포스,한,암,3,54.5,정우주,임채덕,이상진
20260103_01,2,로드투퍼펙트,한,암,3,54.5,임다빈,정호익,최종복
20260103_01,3,선라이즈킹,한,거,3,56.5,송재철,홍윤화,김은미
20260103_01,8,라비타,한,암,3,54.5,최범현,박지헌,죽마조합
20260103_01,9,글로벌카드,한,수,3,56.5,장추열,이준철,장재형
20260103_02,1,비케이데블,한,암,3,54.5,조한별,조현수,함승원
20260103_02,2,플레이스테이,한,수,4,57.0,송재철,이동국,김창만
20260103_02,3,우마루,한,암,3,54.5,오수철,김윤섭,임흥호
20260103_02,4,용비교,한,암,3,54.5,임기원,구자흥,정성진
20260103_02,5,엘피다,한,암,3,54.5,해리카심,이관호,양은석
20260103_02,8,캡마왕,한,수,3,56.5,유승완,배휴준,하늬바람
20260103_02,9,그레이스데이,한,수,3,56.5,정정희,안병기,정현주
20260103_02,10,학산태풍,한,암,4,55.0,이동하,박병일,황봉기
20260103_02,11,파라이바,한,암,3,54.5,임다빈,정호익,배은정
20260103_03,1,스마트해성,한,암,3,54.5,최범현,조현수,김조은
20260103_03,2,비카드래곤,한,암,4,55.0,조한별,임채덕,김형란
20260103_03,3,라온사파이어,한,암,3,54.5,조상범,박종곤,라온랜드
20260103_03,4,위드도르티,한,암,4,55.0,조재로,김동철,최상일
20260103_03,5,대한시대,한,수,3,56.5,김용근,강성오,이종수
20260103_03,9,눈꽃,한,암,3,54.5,유승완,심승태,김선식
20260103_04,1,검은숲,한,수,3,56.5,김용근,강성오,박치문
20260103_04,2,은하칼라스,한,암,4,55.0,빅투아르,박윤규,오종환
20260103_04,3,엠제이베트,한,암,4,55.0,김옥성,김동균,박정재
20260103_04,4,청룡기운,한,거,4,57.0,푸르칸,최용건,박재범
20260103_04,5,신천하트,한,암,4,55.0,문정균,홍대유,문종원
20260103_04,7,더블블레이드,한,암,4,55.0,조한별,박천서,유성훈
20260103_04,10,트리플팔메토,한,암,4,55.0,장추열,김동균,박성구
20260103_04,11,발키리,한,암,4,55.0,김태희,박재우,김세권
20260103_05,1,라온파이널,한,암,3,52.5,조재로,박종곤,손천수
20260103_05,3,블랙스펙터,한,수,5,55.5,오수철,배휴준,허영희
20260103_05,5,크레이지망고,한,수,4,53.5,김태희,신삼영,서창식
20260103_05,6,굿프렌드,한,암,4,52.5,송재철,안병기,말사모
20260103_05,7,안양쓰나미,한,암,5,52.5,유승완,김윤섭,이상진
20260103_05,9,청산돌풍,한,수,3,52.0,임기원,이관호,황은호
20260103_05,11,용비신화,한,수,3,53.5,장추열,홍대유,정성진
20260103_06,1,크리솔피스,한,수,4,53.5,유승완,안병기,요시다
20260103_06,2,이십년세월,한,수,3,53.0,이동하,조현수,이혜란
20260103_06,4,더엑설런트,한,수,3,54.0,조재로,서인석,박준배
20260103_06,6,금빛파워,한,거,5,54.5,해리카심,배휴준,퍼플라인
20260103_06,10,샤크텐,한,거,5,53.5,조상범,박지헌,힐링팜조합
20260103_06,11,소프트파워,한,암,5,52.5,이용호,송문길,피닉스
20260103_07,2,블랙시대,한,수,5,52.5,김용근,강성오,이강운
20260103_07,5,시크릿왕자,한,거,6,53.0,김효정,박윤규,최동근
20260103_07,6,골드베르크,한,암,5,52.5,이용호,송문길,이정화
20260103_07,9,스터닝플래터,한,거,5,55.5,송재철,김동균,박정배
20260103_07,11,영원자이언트,한,수,5,52.5,루이스,송문길,이종훈
20260103_08,1,간다고,한,암,5,52.5,김옥성,전승규,퍼플라인
20260103_08,10,손에손잡고,한,암,5,54.0,문정균,홍대유,김종식
20260103_09,2,스파클링,한,거,5,55.0,김효정,서홍수,조용학
20260103_09,4,컴플리트스텝,한,암,6,52.5,조한별,이신우,장석영
20260103_09,5,치프스타,한,암,3,55.5,최범현,문병기,김길리
20260103_09,6,송암스카이,한,암,5,54.0,김옥성,박병일,송암축산
20260103_09,7,벌교차돌,한,암,5,52.5,루이스,홍대유,유성훈
20260103_09,8,사이클론스타,한,거,5,54.0,코지,강환민,신승열
20260103_09,9,비바청수,한,암,5,52.0,조상범,박지헌,청수
20260103_09,10,특급파티,한,암,4,52.5,조재로,서인석,김근영
20260103_10,2,런와일드,한,거,5,55.5,장추열,이관호,손병현
20260103_10,6,대흥클래스,한,수,6,54.0,조재로,최봉주,임한용
20260103_11,2,엠제이베스트,한,수,8,54.5,김효정,문병기,박정재
20260103_11,6,베스트레이스,한,수,4,57.0,최범현,박지헌,죽마조합
20260103_11,7,베트캡틴,한,수,6,53.0,루이스,송문길,박정재
20260103_11,8,실버레인,한,수,4,58.0,정정희,안병기,조근식
20260103_11,10,쏘아라스타,한,수,4,54.0,임다빈,이관호,현태봉
20260104_01,1,강한프린세스,한,암,3,54.5,문정균,홍대유,강수덕
20260104_01,2,더선아미르,한,암,3,54.5,최범현,조현수,한명로
20260104_01,5,골든워리어,한,암,3,54.5,김태희,서인석,홍상기
20260104_01,8,다나은루비,한,암,3,54.5,송재철,김동균,이진경
20260104_01,9,라온더클라라,한,암,3,54.5,정우주,박종곤,라온랜드
20260104_01,10,선글라스,한,암,3,54.5,장추열,서범석,초춘탁
20260104_02,1,키아오라,한,암,4,55.0,김태희,성상현,박재용
20260104_02,4,베스트프리덤,한,수,3,56.5,루이스,박재우,박민지
20260104_02,5,크리솔포시,한,암,5,55.0,송재철,전승규,요시다
20260104_02,7,달빛소나타,한,암,4,55.0,이용호,신삼영,피닉스
20260104_02,8,운주프린스,한,수,3,56.5,김용근,김동균,부수선
20260104_02,9,퍼펙트게임,한,수,4,57.0,빅투아르,박지헌,김정성
20260104_02,10,레드동백,한,암,3,54.5,푸르칸,박윤규,이방훈
20260104_03,1,브리도킹스타,한,거,5,52.0,루이스,정하백,조수영
20260104_03,3,엑스팩터,한,거,5,54.0,김옥성,김동균,공이공팔
20260104_03,4,학산프린스,한,수,4,56.5,이동하,안병기,황봉기
20260104_03,5,엘리트피스,한,거,5,53.5,조한별,신삼영,태희종합건설
20260104_03,6,슬링스타,한,거,4,54.5,장추열,김동균,강현철
20260104_03,7,마스터콰이곤,한,수,4,54.5,정정희,리카디,이호열
20260104_03,8,동키플레이,한,암,5,53.0,조재로,최영주,조현영
20260104_03,9,지플렉스,한,수,3,53.5,김태희,박윤규,최동근
20260104_03,10,이클립스더퀸,한,암,4,52.0,송재철,강성오,조한수
20260104_04,1,머스킷클리버,한,수,3,55.5,최범현,박지헌,박남성
20260104_04,4,마이티샤인,한,암,3,52.5,이동하,서홍수,조제형
20260104_04,5,섬싱다크,한,수,4,53.0,김옥성,홍대유,정춘복
20260104_04,6,음성파워,한,거,5,55.0,루이스,함완식,씨유네트워크
20260104_04,7,올포유어드림,한,수,7,54.5,김태희,신삼영,서창식
20260104_04,8,선캐처,한,암,4,52.5,정정희,홍윤화,우상균
20260104_04,9,금아포모스트,한,거,4,56.0,조재로,이관호,금아산업
20260104_04,10,해맞이,한,암,4,52.5,임다빈,최봉주,박태준
20260104_04,11,레인스타,한,암,5,53.5,유승완,심승태,김선식
20260104_05,1,문학파이터,한,암,4,53.5,임다빈,정호익,권경자
20260104_05,2,스위트송,한,암,4,52.5,김효정,강성오,김정철
20260104_05,4,위너글로리,한,암,4,53.5,오수철,김윤섭,간용기
20260104_05,5,엑설런트한센,한,암,4,52.5,문정균,김동균,박정배
20260104_05,6,혜원용마,한,암,5,52.5,김용근,서인석,이혜섭
20260104_05,7,크로마이트,한,거,6,54.0,최범현,전승규,박기태
20260104_05,8,베스트드림,한,암,4,52.5,송재철,이관호,베스트샤인조합
20260104_05,9,라온스나이퍼,한,암,3,52.0,이동하,박종곤,손천수
20260104_05,10,예스마담,한,암,4,51.0,김태희,박재우,조창규
20260104_05,11,보스토크,한,암,4,52.0,해리카심,박윤규,용치우
20260104_06,3,그로우,한,암,6,52.5,문정균,김동균,배석두
20260104_06,4,칸맥스,한,거,4,56.5,김용근,서인석,배영한
20260104_06,5,파워에치드,한,거,6,55.5,김옥성,심승태,박정재
20260104_06,6,파인핑크,한,암,4,54.5,이동하,전승규,파인트리
20260104_06,7,백룡,한,수,5,53.0,조상범,최영주,최홍일
20260104_06,8,무제한급,한,수,3,53.5,빅투아르,문병기,남석우
20260104_06,9,비케이러브,한,암,4,52.5,조한별,조현수,함승원
20260104_06,10,캠프데이비드,한,거,5,55.0,푸르칸,강환민,배은정
20260104_06,11,월드조이,한,수,4,53.5,임다빈,홍대유,송태형
20260104_07,2,플라잉데이,한,암,4,55.5,김용근,이준철,김형순
20260104_07,4,홀리데이참,한,거,8,54.5,조상범,최봉주,투애니포
20260104_07,5,베스트토르,한,거,5,52.0,송재철,박천서,베스트샤인조합
20260104_07,6,리멤버어게인,한,거,4,57.0,루이스,최용구,강홍수
20260104_07,8,라이징모,한,암,4,52.5,조재로,서인석,양현모
20260104_07,9,컴플리트리더,한,거,6,55.0,조한별,강환민,장석영
20260104_07,10,골드뭉치,한,거,5,52.5,정정희,리카디,이기선
20260104_08,2,용암세상,한,거,5,52.5,조재로,배휴준,김학록
20260104_08,3,거센반격,한,수,5,52.5,송재철,이관호,강석대
20260104_08,8,컴플리트밸류,한,수,7,57.0,임기원,강환민,장석영
20260104_08,9,승부사,한,수,7,52.5,조상범,배휴준,박재범
20260104_08,10,마이센터,한,수,5,52.5,임다빈,정호익,백국인
20260104_09,3,마니노다지,한,거,4,54.5,장추열,최봉주,한영석
20260104_09,4,제라퀸,한,암,5,52.5,김용근,김동철,하늬바람
20260104_09,8,천행챗,한,암,5,53.0,조상범,배휴준,조금제
20260104_10,2,디아나,한,암,5,53.5,코지,토니,이한준
20260104_10,11,카우보이탱고,한,거,8,58.0,문정균,최봉주,임동현
